{"cameraMode":{"drawMode":0,"name":"Shaded","section":"Shading Mode"},"sceneLighting":true,"audioPlay":false,"sceneViewState":{"m_AlwaysRefresh":false,"showFog":true,"showSkybox":true,"showFlares":true,"showImageEffects":true,"showParticleSystems":true,"showVisualEffectGraphs":true,"m_FxEnabled":false},"in2DMode":false,"pivot":{"x":-32.236122131347659,"y":10.827971458435059,"z":-221.99359130859376},"rotation":{"x":0.2824219763278961,"y":-0.21437163650989533,"z":0.06490694731473923,"w":0.9327802658081055},"size":4.312385082244873,"orthographic":false}